"id","favorite count","retweet count","text","created at"
897674079842553857,2,1,"might just get rid of my phone","2017-08-16 04:19:13"
897468230687531008,2,0,"@jessica__alonzo Yeeezzyyy ssszzzznnnn","2017-08-15 14:41:15"
897236596801589248,12,7,"I'm a sucker for a buy one get one free deal","2017-08-14 23:20:49"
896922489455955969,0,0,"I haven't actually watched tv in a long time wow","2017-08-14 02:32:40"
896916094937706496,15,0,"Stay strappedüòºüíØüî´üò§ https://t.co/pfAXHHKUBV","2017-08-14 02:07:15"
896723212138143744,4,1,"Listening to 3oh!3 makes me feel like I'm in 2009 again","2017-08-13 13:20:48"
896554845712392198,2,0,"What could have been listening to https://t.co/vNKXxVfu6N","2017-08-13 02:11:47"
896542488835633153,5,0,"If you snap me a picture without a caption, you're getting punched by me","2017-08-13 01:22:40"
896536947254075392,1,0,"If you snap me a blank picture imma slap tf out of you","2017-08-13 01:00:39"
896271053684707328,2,0,"HAPPY BIRTHDAY RHIANNON ‚ù§Ô∏èüéÅüéà @rhiiii22","2017-08-12 07:24:05"
896180549882138624,2,1,"LESSSKEEETIIITTTT","2017-08-12 01:24:27"
895459902008819712,0,0,"Wow https://t.co/M6NBNsFBC7","2017-08-10 01:40:52"
895458675900334083,0,1,"I swear I'm out of my mind https://t.co/tuC3hxd8rL","2017-08-10 01:35:59"
895428334649319424,1,0,"Me neither","2017-08-09 23:35:25"
895098004914544640,2,2,"It's just that .... ugh nvm :/","2017-08-09 01:42:49"
894756118337011712,3,0,"I'd sell my soul to see kanye preform","2017-08-08 03:04:17"
894684638467117057,9,2,"Mood: when Bell yells ""YO"" with anger","2017-08-07 22:20:14"
894435494536384513,6,1,"I just want to learn how to do a handstand and flip and do parkour shit","2017-08-07 05:50:14"
894088375430520832,2,1,"""You always look like you haven't slept in years""","2017-08-06 06:50:54"
894083823289368576,5,0,"https://t.co/zNhOiV2JaG","2017-08-06 06:32:49"
893723601718915073,1,0,"https://t.co/H35Tusq8Iq","2017-08-05 06:41:25"
893280093669294080,0,1,"I THINK I'm a decent person","2017-08-04 01:19:05"
892771863646150657,3,0,"I'm sad that Neymar and Messi won't play together anymore :'(","2017-08-02 15:39:33"
892600776467431425,2,1,"I just wonder sometimes","2017-08-02 04:19:43"
891839341361758209,3,0,"Can't wait for my recruiter to call me","2017-07-31 01:54:03"
891545451505360896,1,0,"@ClaytonGeiling Do you mean use it or abuse it?üòÇ bc there might be a different","2017-07-30 06:26:14"
891149898447507456,2,0,"I was crying in the club when this song came on https://t.co/lYH0glsPbX","2017-07-29 04:14:27"
891143508362502145,1,0,"@thegreatkhalid crazy concert üëå","2017-07-29 03:49:03"
890781735813877760,3,0,"But am I cute?","2017-07-28 03:51:30"
890458817468801024,1,1,"@traptitz I do mind actually","2017-07-27 06:28:20"
890050512770539523,1,0,"@whitneyxlashawn A classic memeüòÇ","2017-07-26 03:25:53"
889718667876986880,2,1,"I wish I had all the time in the world","2017-07-25 05:27:15"
889176969052659717,0,0,"https://t.co/ovP4MBQLSS","2017-07-23 17:34:44"
889165219083243521,7,3,"I wanna know what love is","2017-07-23 16:48:02"
888781146741514240,0,0,"can I get a kiss? and can you make it last forever? I said I'm bout to go to war and I don't know if imma see you again","2017-07-22 15:21:52"
888549385201745921,1,1,"@traptitz If you're 10 then I'm 10","2017-07-22 00:00:56"
888546159433834501,1,1,"@traptitz Who are you again?","2017-07-21 23:48:07"
888540733229199360,1,1,"I wish I was the kind of person that could have anyone they wanted","2017-07-21 23:26:33"
888289762401861632,3,1,"That's the truth and I don't care https://t.co/zmILq5H7uc","2017-07-21 06:49:17"
888054704537731072,0,2,"I need someone who will motivate me to get out of bed every morning","2017-07-20 15:15:15"
887577021622169600,5,2,"https://t.co/ynwKBbBTrs","2017-07-19 07:37:06"
887396080056492033,2,0,"You were my last hope and you didn't even know it","2017-07-18 19:38:07"
887141905376714752,1,0,":)‚ù§Ô∏è https://t.co/OXvhHPZFFa","2017-07-18 02:48:07"
886814770174865409,7,5,"What's so special about me anyways","2017-07-17 05:08:12"
886492992638418948,0,3,"Goodnight to nobody","2017-07-16 07:49:34"
886099346659434496,1,0,"https://t.co/Bky5B6Gd8V","2017-07-15 05:45:21"
885677986149785601,13,3,"Did y'all know that I hate everyone","2017-07-14 01:51:01"
885370401836208129,1,0,"@MadelineCDoyle1 Old meme","2017-07-13 05:28:47"
885255210247041024,3,0,"I want to hear from you","2017-07-12 21:51:04"
884665939857420288,1,0,"Make me take vitamins bitch","2017-07-11 06:49:31"
884308366515941376,1,0,"Who has the Alvin elementary school year book from 4th grade? Asking for a friend","2017-07-10 07:08:38"
883919358522740736,2,0,"Baby you gonna calm me down when I'm pissed off","2017-07-09 05:22:52"
883570223609241600,1,1,"@Mex1cantonio Futurama is a gewd anime","2017-07-08 06:15:31"
883569087846240256,0,0,"Didn't think 21 would ever make me get in my feels but shit, this song is gewd https://t.co/6YDE6FNyu1","2017-07-08 06:11:01"
882749370692710400,1,0,"@wild_leo0 That is a sin","2017-07-05 23:53:45"
882309758170144768,2,0,"@wild_leo0 and her scars or how she got them","2017-07-04 18:46:53"
882132228712615936,0,0,"In a familiar place again but as a different and better person with a future to look forward to https://t.co/4DIDrrcJKW","2017-07-04 07:01:27"
882118165479731202,0,0,"Do y'all think of me when you hear Iris by the goo goo dolls?","2017-07-04 06:05:34"
881956850454982656,3,0,"Everything makes me mad","2017-07-03 19:24:33"
881636504614973442,2,0,"Annoyed","2017-07-02 22:11:37"
881410024114966528,0,0,"If someone could punch me so hard that I can't remember anything at all, that would be great","2017-07-02 07:11:40"
881385742773219330,0,0,"You forgot about me or what","2017-07-02 05:35:11"
881369869031272448,0,0,"Haha me :) https://t.co/yTHEGuYwVE","2017-07-02 04:32:06"
881313790150799360,2,0,"Social media annoys me, idk why I have it","2017-07-02 00:49:16"
881034623823773696,2,0,"When I'm gone, you'll regret it","2017-07-01 06:19:57"
880684449113018369,2,1,"Talk to me, tell me what's on your mind","2017-06-30 07:08:29"
880573973460901888,2,0,"Give me forever for a while","2017-06-29 23:49:30"
880282346855026693,1,0,"Ain't no looking back when I'm gone","2017-06-29 04:30:41"
879951364662726656,4,0,"Worn out","2017-06-28 06:35:28"
879594035010260993,1,0,"Haven't seen that ray of sunshine this summer","2017-06-27 06:55:34"
879459460451840001,0,1,"Socks are my favorite thing in the world","2017-06-26 22:00:49"
879416299776028672,2,0,"@jessica__alonzo @Brittany__98 I'm downüòÇ","2017-06-26 19:09:19"
879235649974435840,5,0,"I'd give anything to relive those memories","2017-06-26 07:11:29"
879233575119454210,0,0,"I'm not tripping, it's more of a little stumble","2017-06-26 07:03:14"
879230927175659520,2,0,"https://t.co/gzOMZhLSg6","2017-06-26 06:52:43"
879202054392229890,2,0,"https://t.co/KNa3qMGzfQ","2017-06-26 04:57:59"
879200756297060356,1,0,"@korey__s :')‚ù§Ô∏è","2017-06-26 04:52:49"
879197577727660033,2,0,"I love working with my best friend @korey__s","2017-06-26 04:40:11"
878852125740208128,3,0,"https://t.co/PFrrFqHcgL","2017-06-25 05:47:29"
878851598079987713,0,0,"https://t.co/bxJfcBzFjP","2017-06-25 05:45:23"
878850115351478272,1,1,"https://t.co/zeh9MpeoSJ","2017-06-25 05:39:30"
878848821643685888,0,0,"https://t.co/ilQdztV2ac","2017-06-25 05:34:21"
878848487005224960,0,0,"https://t.co/YNGc29ClzB","2017-06-25 05:33:02"
868781845030285312,0,0,"one person followed me and one person unfollowed me // automatically checked by https://t.co/eLaZKxt6ph","2017-05-28 10:51:47"
868655219009368064,2,0,"why did i wake up","2017-05-28 02:28:37"
868173092555718656,2,1,"@Cale2Reyes @Brittany__98 let me change that real quick","2017-05-26 18:32:49"
868127764368547844,0,0,"i love this show https://t.co/H0X9yKmJ6H","2017-05-26 15:32:42"
868113795574624256,0,0,"being scared of something is my speciality","2017-05-26 14:37:12"
867976462258782210,4,4,"im ready to say that i'm a senior","2017-05-26 05:31:29"
867856556435668992,1,1,"@Cale2Reyes leave it up to me to tweet shit like thatüòÇ","2017-05-25 21:35:01"
867850606207283201,6,0,"i fell asleep playing with my own hair... sad asf","2017-05-25 21:11:23"
867737456266883073,5,1,"I WANT TO SEE PARAMORE IN CONCERT DAMNIT","2017-05-25 13:41:46"
867728002225975297,3,0,"i don't want to be home alone today","2017-05-25 13:04:11"
867724703154274304,0,0,"6 people followed me and 3 people unfollowed me // automatically checked by https://t.co/eLaZKxt6ph","2017-05-25 12:51:05"
866816842727391232,0,1,"k","2017-05-23 00:43:34"
866789675943567362,0,0,"&gt;=(","2017-05-22 22:55:37"
866756784224161792,0,2,"i want it to be my birthday so i can feel special for a whole day","2017-05-22 20:44:55"
866664743590821888,0,0,"6 people followed me and 2 people unfollowed me // automatically checked by https://t.co/eLaZKxt6ph","2017-05-22 14:39:11"
866433618478084096,0,0,"i could sleep all day but then i wouldn't be able to at night so let's not","2017-05-21 23:20:46"
866306248802742272,0,0,"@Cale2Reyes YESSSSSS","2017-05-21 14:54:39"
866157642900701185,1,0,"mariposa traicionera","2017-05-21 05:04:09"
866151894758154240,14,6,"am i the only one who rearranges their whole room late at night when their really really extremely bored","2017-05-21 04:41:18"
865764327290269696,5,0,"okay this is literally me with meg https://t.co/gqrVYpQEm1","2017-05-20 03:01:15"
865738099183292417,0,1,"i need a new soccer ball :(","2017-05-20 01:17:02"
865641097027964933,0,0,"6 people followed me and 2 people unfollowed me // automatically checked by https://t.co/eLaZKxKHgP","2017-05-19 18:51:35"
865573910233980932,3,1,"i like all the 1d members better as solo artists","2017-05-19 14:24:36"
865407357169188864,2,3,"boyyyyy https://t.co/HcXkyhwzk6","2017-05-19 03:22:47"
865379666135318528,1,1,"@MadelineCDoyle1 is a gewd friend :')","2017-05-19 01:32:45"
865376229813350400,17,25,"my mom might make me mad sometimes but no one else cares for me as much as she does","2017-05-19 01:19:05"
865274134829441024,0,0,"im so sore, tired and sleepy:(","2017-05-18 18:33:24"
865227042572439554,0,0,"im tired of getting treated like shit","2017-05-18 15:26:16"
865223863482949632,7,1,"why is the textbook lady always so bitter","2017-05-18 15:13:38"
865018394017492997,0,0,"im doing that annoying thing again","2017-05-18 01:37:11"
864965872158486528,1,1,"@Cale2Reyes i did thxüòÇ","2017-05-17 22:08:28"
864946595300859905,1,2,"today just had to be a bad day no matter how much i tried to turn it around","2017-05-17 20:51:52"
864944298197954561,0,0,":(","2017-05-17 20:42:45"
864943270903902208,1,0,"me rn https://t.co/6TuqHzYzFy","2017-05-17 20:38:40"
864850546355826691,2,1,"dumb bitch","2017-05-17 14:30:13"
864520695132413952,0,0,"i wanna spend my whole summer watching cartoons","2017-05-16 16:39:30"
864430631706660864,0,0,"2 people followed me and one person unfollowed me // automatically checked by https://t.co/eLaZKxt6ph","2017-05-16 10:41:37"
864191539211378688,3,0,"imma have to get a dog this summer to be less lonely at home","2017-05-15 18:51:33"
864189696460673032,0,0,"someone take me :( https://t.co/cCJ1y4Unao","2017-05-15 18:44:14"
864187481977180162,0,0,"imma have to get out and do shit this summer bc im not gonna make it out alive without you","2017-05-15 18:35:26"
864170871233105923,1,0,"who got the video??","2017-05-15 17:29:25"
863906953575137280,0,0,"worst day ever","2017-05-15 00:00:43"
863774177869930496,0,0,"wow https://t.co/ze2eZ9EnoZ","2017-05-14 15:13:06"
863627799613124608,2,0,"i rather be anywhere but home","2017-05-14 05:31:27"
863604223790993408,0,0,"fuck you tucker https://t.co/Xd1r749CvT","2017-05-14 03:57:46"
863336098193448960,0,0,"2 people followed me and 2 people unfollowed me // automatically checked by https://t.co/eLaZKxt6ph","2017-05-13 10:12:20"
863100673445027840,5,0,"i don't think the school district is that bad, i think ahs has the most ridiculous group of students to have ever, always ruining shit","2017-05-12 18:36:50"
863073268990980097,0,1,"miley cyrus, bryson tiller, paramore and harry stiles all have good music out rnüëåüèΩ","2017-05-12 16:47:57"
862907312805220353,0,0,"im not really a sad bitch anymore","2017-05-12 05:48:30"
862851006052413440,0,0,"4-2","2017-05-12 02:04:45"
862780510396973057,2,0,"i see that chance hat https://t.co/MZIYBXR5nM","2017-05-11 21:24:38"
862701322512068608,0,0,"cant stand someone with a small mentality","2017-05-11 16:09:58"
862661082598526976,1,0,"this summer is gonna suck","2017-05-11 13:30:04"
862520373417586689,3,0,"im so glad that i've learned so much from the past to now be content with everything","2017-05-11 04:10:56"
862495584166531072,2,0,"@wild_leo0 why he gotta bite playersüòÇüòÇüíÄ","2017-05-11 02:32:26"
862394025143390208,0,0,"soccer politics is actually really interesting to me","2017-05-10 19:48:52"
862294807984705536,0,0,"3 people followed me and one person unfollowed me // automatically checked by https://t.co/eLaZKxt6ph","2017-05-10 13:14:37"
862097440928923651,1,0,"cant tell if this nigga 50 or 12","2017-05-10 00:10:21"
862061744319082497,0,1,"today sucked","2017-05-09 21:48:30"
862060297988833280,0,0,"ugh i'm so tired","2017-05-09 21:42:46"
862039769404100608,2,0,"make me this and i'll marry you https://t.co/fxVglV6l7Q","2017-05-09 20:21:11"
861584933692874756,0,1,"i miss saturday night :(","2017-05-08 14:13:50"
861450892968591361,0,0,"yessss https://t.co/QztXgc7zxN","2017-05-08 05:21:12"
861176599638626304,0,0,"5 people followed me and 3 people unfollowed me // automatically checked by https://t.co/eLaZKxt6ph","2017-05-07 11:11:15"
861084869081825281,0,0,"luh u","2017-05-07 05:06:45"
860555989380190211,0,0,"i love being the only kid at home with my mom","2017-05-05 18:05:10"
860467261429166080,1,0,"apush lets get it","2017-05-05 12:12:36"
860300842804621313,0,0,"@lil_xcx u r not allowed to disrespek https://t.co/6WGyWdweGR","2017-05-05 01:11:19"
860224523618181124,1,0,"can it be june already","2017-05-04 20:08:03"
860096781924872192,0,0,"2 people followed me and one person unfollowed me // automatically checked by https://t.co/eLaZKxt6ph","2017-05-04 11:40:27"
859995247954276352,0,0,":)))","2017-05-04 04:56:59"
859617344397742085,2,0,"i'll be damned the day i let you end the night feeling sad","2017-05-03 03:55:20"
859503355462270976,1,0,"i want stawberry cake","2017-05-02 20:22:23"
858990488854171648,0,0,"one person followed me // automatically checked by https://t.co/eLaZKxt6ph","2017-05-01 10:24:26"
858890862503358464,1,0,"xanny made it go away","2017-05-01 03:48:33"
858793495141781507,0,0,"cant tell if i'm the worst daughter ever or if my dad is the worst dad ever","2017-04-30 21:21:39"
858725008943796224,2,0,"how is sarah snyder real","2017-04-30 16:49:31"
858702084492886016,0,0,"how's it feel mane?","2017-04-30 15:18:25"
858508368058748929,0,0,"i think i want some all red shoes","2017-04-30 02:28:39"
858361338111946752,0,0,"tired","2017-04-29 16:44:25"
858312203908374529,0,0,"this would suck less with you here :(","2017-04-29 13:29:10"
858309839793139712,1,0,"im reminded how much i hate band today","2017-04-29 13:19:47"
858127626644463616,2,0,"im really bored so imma just read a book or work out","2017-04-29 01:15:44"
858117309956857856,0,0,":) https://t.co/oRDhxMelZw","2017-04-29 00:34:44"
857977196731920384,0,0,"who tryna go off campus rn","2017-04-28 15:17:58"
857906862729162753,0,0,"6 people followed me and 3 people unfollowed me // automatically checked by https://t.co/eLaZKxt6ph","2017-04-28 10:38:29"
857817297024675840,3,1,"life is good with you","2017-04-28 04:42:35"
857410169256521728,0,0,"don't got you, i got nothing","2017-04-27 01:44:48"
857373929446539265,0,0,"what was that","2017-04-26 23:20:48"
857240026651996160,0,0,"@Mex1cantonio that's literally what it feels like","2017-04-26 14:28:43"
857037292560678912,0,0,"my girl is so cute","2017-04-26 01:03:08"
856800117160124417,0,0,"2 people followed me and 3 people unfollowed me // automatically checked by https://t.co/eLaZKxt6ph","2017-04-25 09:20:41"
856544309574860800,0,1,"so hungry","2017-04-24 16:24:11"
856364530095489024,4,3,"mood https://t.co/17sUveFEr1","2017-04-24 04:29:49"
856317323220852736,0,0,"@Cale2Reyes where?!!!","2017-04-24 01:22:14"
856278597681774592,0,0,"need a fidget spinner","2017-04-23 22:48:21"
856272804169347073,0,130,"This Tweet from @IrisNotIrish24 has been withheld in response to a report from the copyright holder.","2017-04-23 22:25:19"
856030464397766656,2,1,"you wanna hate on someone for being in band but you're in p.e.üòÇ im confused, what makes you any better","2017-04-23 06:22:21"
855982861144412160,0,0,"i forgot how faking it ended and now that i finished it, my sadness has reappeared bc i really wish there was another season :'(","2017-04-23 03:13:12"
855889263233294336,1,0,"what's the plannn bihhhh","2017-04-22 21:01:16"
855881911583035392,0,0,"i wanna go home already","2017-04-22 20:32:03"
855737492238192640,0,0,"3 people followed me and 5 people unfollowed me // automatically checked by https://t.co/eLaZKxt6ph","2017-04-22 10:58:11"
855732337790898177,0,1,"i wanna know what these dreams mean","2017-04-22 10:37:42"
855528263661367297,1,0,"i don't get it","2017-04-21 21:06:47"
855488762264133632,0,0,"hate when i think about something and i get the feeling that i want to throw up","2017-04-21 18:29:49"
855460413181394944,1,0,"that's some good news","2017-04-21 16:37:10"
855276620617142273,1,0,"had a total of 420 orders today at worküòÇ","2017-04-21 04:26:51"
854913342657396736,1,1,"@adame_gabriel will doüòÇüëåüèΩüëåüèΩ thank youu","2017-04-20 04:23:19"
854913270469320705,1,0,"@korey__s thats rightüòÇüòÇ","2017-04-20 04:23:01"
854894984851595264,0,0,"wow this is the earliest i've left work in forever","2017-04-20 03:10:22"
854884543660257281,3,1,"wtf no plz https://t.co/tI5OWAQtJJ","2017-04-20 02:28:52"
854880836654596096,1,0,"ughh","2017-04-20 02:14:09"
854861339063455744,1,0,"@Brittany__98 not you smhhh","2017-04-20 00:56:40"
854847287436210183,4,1,"need a picture of you in my phone case or wallet","2017-04-20 00:00:50"
854806822909292544,1,0,"i hate politics","2017-04-19 21:20:02"
854788932474744834,0,0,"someone take me home","2017-04-19 20:08:57"
854700217328963584,6,10,"when it rains, all i wanna do is just be home and cuddled up in bed","2017-04-19 14:16:26"
854619234739073024,0,0,"5 people followed me and 3 people unfollowed me // automatically checked by https://t.co/eLaZKxt6ph","2017-04-19 08:54:38"
854453240045469696,0,1,"ew workkkk","2017-04-18 21:55:02"
854095895985565697,0,0,"tell the person who wrote the damn book then https://t.co/LBPHgCHteF","2017-04-17 22:15:04"
854069225534705664,2,0,"highlight of my day.... probably just getting to buy donuts","2017-04-17 20:29:05"
853892350548090880,1,0,"then it's back to reality","2017-04-17 08:46:15"
853892233447301120,2,0,"my happy days only last for like 2-3 days in a row","2017-04-17 08:45:47"
853695390121689092,1,1,"just been listening to the kendrick lamar album all day","2017-04-16 19:43:36"
853575030525100035,0,0,"one person followed me // automatically checked by https://t.co/eLaZKxt6ph","2017-04-16 11:45:20"
853496209973153792,1,0,"so i think i just have to always be bitter and sad, and hate everything until there's actual proof for me to let my guard down","2017-04-16 06:32:08"
853415695673167873,4,0,"i hate thinking something went great when it actually didn't haha","2017-04-16 01:12:12"
853386949675102210,0,0,"&gt;:( x2","2017-04-15 23:17:58"
853304645695016960,5,2,"i just want to go on cute dates and talk you bihhhhh","2017-04-15 17:50:55"
853131863191425024,0,0,"guess not ¬Ø\_(„ÉÑ)_/¬Ø","2017-04-15 06:24:21"
853063967979319296,1,0,"ohh that's coldüò¨üò¨ https://t.co/fPc8cpXqBk","2017-04-15 01:54:33"
853021717849141252,3,0,"&gt;:(","2017-04-14 23:06:40"
852464437948796928,0,0,"3 people followed me and 5 people unfollowed me // automatically checked by https://t.co/eLaZKxt6ph","2017-04-13 10:12:14"
852354810645008384,3,0,"today was a good day :)","2017-04-13 02:56:37"
851990546105204736,0,0,"@Cale2Reyes yessss","2017-04-12 02:49:10"
851976517391458305,2,0,"drake and josh is on huluüëåüèΩüëåüèΩ","2017-04-12 01:53:25"
851961744259985411,1,0,"i love this song https://t.co/EnekMeisOS","2017-04-12 00:54:43"
851916141308018690,3,2,"being careful bc its different","2017-04-11 21:53:30"
851625357098835970,2,0,"got me listening to 1d just to feel alittle closer to you when i miss you","2017-04-11 02:38:02"
851508375745703936,3,1,"want a record player and a polaroid camera","2017-04-10 18:53:11"
851442914337095682,2,2,"god knows i'm trying for you","2017-04-10 14:33:04"
851357151977189376,0,0,"4 people followed me and 3 people unfollowed me // automatically checked by https://t.co/eLaZKxt6ph","2017-04-10 08:52:17"
851273260519968768,1,0,"the thought of that makes me want to throw up","2017-04-10 03:18:55"
851247756794630144,2,0,"i could care less about a text https://t.co/ga9GUdNily","2017-04-10 01:37:35"
851240816735596545,1,0,"why'd i leave my cowboy hat at home","2017-04-10 01:10:00"
851194744378142721,2,0,"""lets go see the grand master"" 
""yeah i'm down let's go""
""wait who's the grand master""üòÇüòÇ","2017-04-09 22:06:56"
851192147927855104,2,0,"i don't want people over at my house rn plz leave","2017-04-09 21:56:37"
851102256011366400,1,0,"old people love going out to eat in the mornings","2017-04-09 15:59:25"
851092349073707009,4,0,"i hate having feelings bc when i'm not with you, i'm sad","2017-04-09 15:20:03"
850973420741435392,1,0,"my favorite part of the night was you","2017-04-09 07:27:28"
850411473968955394,1,0,"cant wait","2017-04-07 18:14:29"
850361829075415040,2,0,"when did one direction break up","2017-04-07 14:57:13"
850326928439599105,0,0,"5 people followed me // automatically checked by https://t.co/eLaZKxt6ph","2017-04-07 12:38:32"
850311449301921792,0,0,"its so tempting to just stay at home today","2017-04-07 11:37:02"
850181846046568448,0,0,"hell yeah https://t.co/gFspAQBgZ5","2017-04-07 03:02:02"
850125704356409344,3,0,"sometimes i cant tell if i'm a shitty person or not","2017-04-06 23:18:57"
850120145389441024,2,1,"i hate being home","2017-04-06 22:56:51"
849735588504899584,1,0,"i get more and more frustrated everyday with people","2017-04-05 21:28:46"
849691249871384576,0,1,"intellectual shit&gt;&gt;&gt;&gt;","2017-04-05 18:32:35"
849627404666634241,2,0,"3 more days","2017-04-05 14:18:53"
849364440638255104,2,0,"i slept so early last night so i wouldn't be tired today but i'm soo exhausted","2017-04-04 20:53:57"
849184971969441792,0,0,"6 people followed me and 3 people unfollowed me // automatically checked by https://t.co/eLaZKxt6ph","2017-04-04 09:00:49"
849054853510955009,1,0,"cant tell if i'm sleep deprived or deprived of you","2017-04-04 00:23:46"
849015448779853826,0,0,"@askRegions i hate your bank sm, i'm taking my business elsewhere","2017-04-03 21:47:11"
849000881022537730,0,0,":)","2017-04-03 20:49:18"
847830934435102722,2,0,"@AimeeGXX @jessica__alonzo tru","2017-03-31 15:20:21"
847827812274884609,1,0,"@jessica__alonzo all y'all got some good jokesüòÇ","2017-03-31 15:07:56"
847794867354951680,1,0,"@dalillaaa_ ha you're so funny","2017-03-31 12:57:02"
847794811981713411,1,0,"@AimeeGXX i didn't tell you thisüòÇ","2017-03-31 12:56:49"
847647014061957122,1,0,"it kills me how adorable you are","2017-03-31 03:09:31"
847493005133004800,1,0,"@Brittany__98 good i'm glad","2017-03-30 16:57:32"
847330105697255425,3,0,"soo ready for prom","2017-03-30 06:10:14"
847223705482665985,0,0,"there some days that i feel at so down but today was definitely not one of those days :)","2017-03-29 23:07:26"
847151158754000896,2,0,"pretty flower","2017-03-29 18:19:10"
847102322379542529,1,0,"miss u","2017-03-29 15:05:06"
847096254823878656,1,0,"hmmmmü§îü§î https://t.co/Z1NOyTd3r2","2017-03-29 14:41:00"
847077002972741632,0,0,"@Brittany__98 your life changing advice saves lives","2017-03-29 13:24:30"
847053988696612864,0,0,"3 people followed me and 3 people unfollowed me // automatically checked by https://t.co/eLaZKxt6ph","2017-03-29 11:53:03"
846882189526650880,0,0,"i just want to sleep","2017-03-29 00:30:22"
846880264777334785,0,0,"favorite","2017-03-29 00:22:44"
846788166052986880,1,0,"i got a sephora bag","2017-03-28 18:16:46"
846571564258734080,1,0,"today was a pretty good day tbh","2017-03-28 03:56:04"
846502167875911680,1,1,"@kailey_garcia you are very welcomed","2017-03-27 23:20:18"
846428839165202433,2,5,"i wish faking it wasn't cancelled:(","2017-03-27 18:28:55"
846428484473901056,3,1,"@kailey_garcia fix your shoe laces plz","2017-03-27 18:27:31"
846428141140824064,0,0,"im going to sleep early tonight, foreal this time","2017-03-27 18:26:09"
846236010711277568,3,0,"i had my first grilled cheese sandwich today:)","2017-03-27 05:42:41"
845997512716681216,0,0,"2 people followed me and 2 people unfollowed me // automatically checked by https://t.co/eLaZKxt6ph","2017-03-26 13:54:59"
845867337043660800,1,0,"when robbie wants me to pay for my food at work https://t.co/M9HdxokME5","2017-03-26 05:17:43"
845464415977771012,2,0,"mcintoshüòÇüíÄ https://t.co/N9FmOkTGaX","2017-03-25 02:36:39"
845083271243419648,7,0,"the talk of alvin is where white people wo to complain about shit no one really cares about","2017-03-24 01:22:07"
844966905492451333,1,0,"@WhitneyDreger goals","2017-03-23 17:39:43"
844907527695405056,0,0,"6 people followed me and 3 people unfollowed me // automatically checked by https://t.co/eLaZKxt6ph","2017-03-23 13:43:46"
844786451266977793,1,1,"@kailey_garcia üòèüí•üéâüò´","2017-03-23 05:42:40"
844647359028039681,1,0,"@AimeeGXX thanks bby gril","2017-03-22 20:29:57"
844628736091852801,2,0,"im going straight to be tonight once i get home","2017-03-22 19:15:57"
844388458323939328,2,0,"first time in a long time","2017-03-22 03:21:11"
844301337068257280,2,0,"musically is dumb asf","2017-03-21 21:34:59"
844198440573706240,0,0,"bound 2 fallin in luv","2017-03-21 14:46:07"
843896418943361024,1,1,"@Cale2Reyes i'm used to not getting sleepüòÇ","2017-03-20 18:45:59"
843732405479522309,0,0,"i don't know","2017-03-20 07:54:15"
843689048506060800,0,0,"i kinda wanted to cry when i heard that","2017-03-20 05:01:58"
843563418410008576,0,0,"acurrate https://t.co/w44JSpYNmO","2017-03-19 20:42:46"
843539842478854145,2,0,"someone send me mr summa's hw please","2017-03-19 19:09:05"
843526660469260288,3,0,"i think it's funny that you think i care","2017-03-19 18:16:42"
843512220650758148,4,0,"niggas in paris will always be the best song to get hype to","2017-03-19 17:19:19"
843384019547049984,0,0,"all i know at the end of the day, is that you want what you and you say what you say","2017-03-19 08:49:54"
843381697546739712,3,1,"https://t.co/cr3nHNjMHQ","2017-03-19 08:40:40"
843373447061393408,1,0,"i keep thinking i hear skip bark but i don't, fuckkk i miss my dog","2017-03-19 08:07:53"
843372281892167680,0,0,"girl almighty","2017-03-19 08:03:15"
843193587898769408,0,0,"i wanted to go https://t.co/3DWxcyTVtp","2017-03-18 20:13:11"
842963971934162944,0,0,"i missed lola the dog so much","2017-03-18 05:00:47"
842963485931769856,0,0,"my next paycheck is gonna be looking so damn good","2017-03-18 04:58:51"
842962996854964225,1,3,"y'all got that one friend that you're always smiling with and making each other laugh","2017-03-18 04:56:54"
842795841370972164,0,0,"sambuka","2017-03-17 17:52:41"
842686623070502912,0,0,"9 people followed me and 7 people unfollowed me // automatically checked by https://t.co/eLaZKxt6ph","2017-03-17 10:38:41"
842627101769551872,1,1,"@GvdessDanielle you're dumb, stay woke","2017-03-17 06:42:10"
842505445529083904,0,0,"i just wanna marry sarah snyder","2017-03-16 22:38:45"
842245906233753600,0,0,"after today, i can now say that this has been the worst spring break I've ever had","2017-03-16 05:27:26"
842240647591546880,1,1,"i miss my dog","2017-03-16 05:06:33"
842110881861402625,2,1,"i wanna get out alread","2017-03-15 20:30:54"
841918204612104192,2,0,"i hate people, i hate you, i hate everything, and i hate myself","2017-03-15 07:45:16"
841793237039865857,3,0,"sunglasses and advil","2017-03-14 23:28:42"
841532821969723392,0,0,"21 jump street https://t.co/cdVixgo9b4","2017-03-14 06:13:54"
841532430389563392,0,0,"i feel his pain https://t.co/2ZZZyPNQyZ","2017-03-14 06:12:20"
841526294156308480,0,0,"screw me right","2017-03-14 05:47:57"
841525386651537408,0,0,"this song makes me cry https://t.co/ZkdoKHSV4S","2017-03-14 05:44:21"
841514437601300480,1,0,"i guess i don't https://t.co/oWURQTLOLF","2017-03-14 05:00:51"
841513152529518594,1,0,"this is so stupid, why would you want the same color of shoes https://t.co/2YNEyDkfDl","2017-03-14 04:55:44"
841468690528894976,2,1,"my life sucks but i'm used to it","2017-03-14 01:59:04"
841460933151096832,0,0,"i dont wanna go home","2017-03-14 01:28:14"
841340761140518913,2,0,"im never sleeping late again","2017-03-13 17:30:43"
841215272816128000,1,1,"never forget https://t.co/626PljObAZ","2017-03-13 09:12:04"
841175090616250368,0,0,"i'll never understand","2017-03-13 06:32:24"
841074551966576641,0,0,"i want olive garden","2017-03-12 23:52:54"
841012857449926659,0,0,"yeah thx, it's my ""still in bed"" hair","2017-03-12 19:47:45"
841009184393068545,0,0,"fr tho https://t.co/TIMMlpYlFG","2017-03-12 19:33:09"
840808076114554880,0,0,"green tea kit kat","2017-03-12 06:14:01"
840746502117048320,0,0,"i haven't had a burger since new years","2017-03-12 02:09:21"
840744760998518784,0,0,"this town","2017-03-12 02:02:25"
840543843938385920,0,0,"2 people followed me and 2 people unfollowed me // automatically checked by https://t.co/eLaZKxt6ph","2017-03-11 12:44:03"
840412514437476352,2,0,"i thought Cody Johnson was a country singer https://t.co/GfYXxMiYRB","2017-03-11 04:02:12"
840314736990420992,0,0,"hm","2017-03-10 21:33:40"
840280397091131393,1,0,"this song got me fucked up","2017-03-10 19:17:12"
840220849458335744,6,0,"the beginning of up will always make me cry a little","2017-03-10 15:20:35"
840062060474052608,0,1,"and sleep early https://t.co/KdmZGWxKSt","2017-03-10 04:49:37"
839921552250535944,0,0,"qui√©n sabe","2017-03-09 19:31:17"
839921258611556353,0,0,"i dunno","2017-03-09 19:30:07"
839899148224724992,1,0,"the hell challenge isn't even funny, it's so dumb","2017-03-09 18:02:16"
839871083125825536,4,2,"missin you","2017-03-09 16:10:44"
839700855259611136,1,0,"that dog ain't my dog anymore","2017-03-09 04:54:19"
839574529479438345,0,0,"need a new home to go to","2017-03-08 20:32:21"
839512734630875142,0,0,"i need a jacket","2017-03-08 16:26:47"
839408859924086785,0,0,"4 people followed me and one person unfollowed me // automatically checked by https://t.co/eLaZKxt6ph","2017-03-08 09:34:02"
839348227505799168,0,0,"deja vu","2017-03-08 05:33:06"
839195663795650560,0,0,"i've listen to kyle since last year and a bunch of people know him now bc of ispy, smh","2017-03-07 19:26:52"
839171918544715777,0,0,"my shoes delivered üò≠","2017-03-07 17:52:31"
839146372574101504,1,0,"cigarette daydreams","2017-03-07 16:11:00"
839135811161456640,0,0,"hopefully","2017-03-07 15:29:02"
839003889315766273,1,0,"@mvnnyreyna :(","2017-03-07 06:44:49"
839000774973739008,1,0,"that boy is my homie for life and i want my fifa 16 back https://t.co/jGXKAo7M95","2017-03-07 06:32:27"
838866977066258432,2,1,"who's #20","2017-03-06 21:40:47"
838832914003595264,0,0,"well damn","2017-03-06 19:25:26"
838780929627799553,0,0,"and i have sooo manyyyy https://t.co/Qnn955lywn","2017-03-06 15:58:52"
838663224430047233,1,0,"finally something that doesn't bash on my sign https://t.co/Rr5K2dmtss","2017-03-06 08:11:08"
838641420491706368,1,0,"@AFlo100 awe look at mr.educated over here","2017-03-06 06:44:30"
838516134269812740,1,1,"not a big seafood fan but i like shrimp","2017-03-05 22:26:39"
838450144043544577,0,0,"i woke up to people in my houseüòë","2017-03-05 18:04:26"
838328278595272704,0,0,"7 people followed me and 3 people unfollowed me // automatically checked by https://t.co/eLaZKxt6ph","2017-03-05 10:00:11"
838296787471511552,1,0,"imma get the switch for my birthday","2017-03-05 07:55:03"
838290843349958656,1,0,"i fucking remember this https://t.co/xa1VC84xxV","2017-03-05 07:31:26"
838290735413723137,0,0,"fuck https://t.co/wESgGpAZJF","2017-03-05 07:31:00"
838290330101370884,2,0,"remembering all these moments  r makin me cry more https://t.co/6yURv3iw9g","2017-03-05 07:29:24"
838288943963598849,0,0,"but i guesssss","2017-03-05 07:23:53"
838284419693703168,0,0,"square 1","2017-03-05 07:05:54"
838280551551365120,0,0,"@wild_leo0 please","2017-03-05 06:50:32"
838279121474056192,0,0,"come run me over","2017-03-05 06:44:51"
838275129775910912,3,3,"mayday parade told to save my heart for someone who leaves me breathless and knows that i'm scared","2017-03-05 06:28:59"
838265916198633472,0,0,"üòÇüòÇüòÇ https://t.co/jb7egXZPKn","2017-03-05 05:52:23"
838253893293379585,2,1,"@AimeeGXX @korey__s https://t.co/R54vX0YDUG","2017-03-05 05:04:36"
838205911088910338,0,0,"oh if this ain't the soml idk what is https://t.co/WH6jOst4Xj","2017-03-05 01:53:56"
838205672491728897,0,0,"@Brittany__98 imma rip that thing right off","2017-03-05 01:53:00"
838204449688547328,4,0,"i hate people https://t.co/aaVRU8YAZD","2017-03-05 01:48:08"
838200973076090881,0,0,"tired","2017-03-05 01:34:19"
837871222084014080,3,0,"so excited to work for 10 hours tomorrow","2017-03-04 03:44:00"
837819465903583233,0,0,"@jessica__alonzo you're hired","2017-03-04 00:18:21"
837737760018608128,0,0,"no you didntüòÇüòÇüíÄ https://t.co/euqLxBU4BU","2017-03-03 18:53:41"
837731412665069569,0,0,"want my hair braided :(","2017-03-03 18:28:27"
837700534299725826,11,6,"i need like a personal photographer to take good off guard pics of me","2017-03-03 16:25:45"
837698469808721922,0,0,"go figure","2017-03-03 16:17:33"
837698054916538368,0,0,"my parents are actually coming to see me play today","2017-03-03 16:15:54"
837521428517904385,0,0,"this bitch makes me so mad","2017-03-03 04:34:03"
837384538263273472,3,0,"i want these shoes but i don't wanna spend :/","2017-03-02 19:30:06"
837333180046696448,0,0,"@thegreatkhalid tomorrow boi","2017-03-02 16:06:01"
837332126018191361,0,0,"so sleepy even tho i was in bed by 7 last night","2017-03-02 16:01:50"
837320362299883520,0,0,"hold on we're going home :)","2017-03-02 15:15:05"
837275000310743040,0,0,"4 people followed me and one person unfollowed me // automatically checked by https://t.co/eLaZKxt6ph","2017-03-02 12:14:50"
837099827783688192,1,1,"@katandradee it's sooo insane but i cant stop watching it üò≠üò≠","2017-03-02 00:38:46"
837085856934559744,3,0,"i really liked bradley martin","2017-03-01 23:43:15"
837085356965113861,3,0,"i really really really really reallyyyyy hate norman bates but i have to finish watching this show on netflix","2017-03-01 23:41:16"
837032749038993408,6,0,"i hate when people talk while we take test/quizzes","2017-03-01 20:12:13"
836803614903513088,3,0,"im tired of my damn knee hurting","2017-03-01 05:01:43"
836802066127466496,0,0,"im a gewd person, i swear :( https://t.co/28PRzbp4sw","2017-03-01 04:55:34"
836800407255072769,1,0,"don't hate me bc im a gemini plz","2017-03-01 04:48:58"
836800253684822019,0,0,":( https://t.co/JQRf9jdskt","2017-03-01 04:48:22"
836799617186557952,0,0,"both of my grandpas https://t.co/SCULIGaUGp","2017-03-01 04:45:50"
836799010212098048,1,1,"wow https://t.co/zYB5jeVZDv","2017-03-01 04:43:25"
836651232127299584,0,0,"didn't count","2017-02-28 18:56:12"
836632285378138112,7,2,"i just wanna go to the art museum for my birthday","2017-02-28 17:40:55"
836631945589178368,1,0,"shot your shoot https://t.co/z9trWBo5Mv","2017-02-28 17:39:34"
836601062492520448,1,0,"""are you complaining in spanish""","2017-02-28 15:36:51"
836446240917319682,4,1,"i have a scar on my hip bc i ran from a bird that was chasing me and i fell on concrete https://t.co/LvGeqAmYaL","2017-02-28 05:21:38"
836354498750779393,1,1,"@AimeeGXX the best paragraph i've ever read. could score a 6üò©üò©","2017-02-27 23:17:05"
836282333774893056,2,1,"ft with my shawty on tour and she texting purple hearts cause she know that we at war https://t.co/6LURx1gSxv","2017-02-27 18:30:20"
836271260590084097,0,0,"yee haw","2017-02-27 17:46:20"
836182792815935492,0,0,"one person followed me and one person unfollowed me // automatically checked by https://t.co/eLaZKxt6ph","2017-02-27 11:54:47"
836085438016327681,1,0,"girls are confusing","2017-02-27 05:27:56"
835788061795569664,0,0,"just want a lil bit of excitement in my life again that's all.","2017-02-26 09:46:16"
835747047177338880,1,0,"Too many joy rides in daddy's jaguar https://t.co/m5IueCfShC","2017-02-26 07:03:18"
835738119118946304,1,0,"weird how you said that","2017-02-26 06:27:49"
835515172848603136,1,1,"literally me https://t.co/03u2Wuwv1s","2017-02-25 15:41:54"
835375378625671169,2,0,"everyone schleep rn :(","2017-02-25 06:26:25"
835359827836665856,1,1,"@lil_xcx :'( &lt;/3","2017-02-25 05:24:37"
835357353205694464,1,1,"@lil_xcx apparently so huh","2017-02-25 05:14:47"
835355950060011520,0,0,"why y'all always hating on us :( https://t.co/1ugoR4Sdes","2017-02-25 05:09:13"
835343323816685568,2,0,"should of","2017-02-25 04:19:02"
835313866590519296,2,1,"i wonder when certain people are going to grow up","2017-02-25 02:21:59"
835180312636293120,0,0,"üòÇüíÄ https://t.co/1xt5PqHRIx","2017-02-24 17:31:18"
835083003932061696,0,0,"3 people followed me and 4 people unfollowed me // automatically checked by https://t.co/eLaZKxt6ph","2017-02-24 11:04:37"
834744305872994308,0,1,"slept so much. i don't want to get up","2017-02-23 12:38:45"
834628001786642432,1,0,"everything is sore","2017-02-23 04:56:36"
834614351055220737,3,0,"im excited https://t.co/JcA9ypMPH3","2017-02-23 04:02:22"
834596909901832192,1,0,"y'all got no idea how much i love lola the dog","2017-02-23 02:53:04"
834549793678622721,0,0,"i want a new dog","2017-02-22 23:45:50"
834549359979159552,1,0,"i tried giving my dog a bath for like an hour now, i give up","2017-02-22 23:44:07"
834490033545609227,1,0,"art deco","2017-02-22 19:48:22"
834473705141067777,1,1,"send em my way https://t.co/NoUvtvx1zk","2017-02-22 18:43:29"
834470370463928329,1,0,"hit me with a baseball bat plz","2017-02-22 18:30:14"
834422041604456450,4,0,"you don't know what struggle is, you don't know what work is, you don't even know what actual accomplishment feels like","2017-02-22 15:18:12"
834420467616321536,3,2,"i've seen people who don't have to work for anything, they just get what they want handed to them, and its the most frustrating thing ever","2017-02-22 15:11:56"
834287287433359360,1,0,"i want to sleep but i'm thinking","2017-02-22 06:22:44"
834259344430600192,7,2,"i only look forward to payday","2017-02-22 04:31:42"
834250041091059712,6,0,"imma need to amputate both of my legs bc they wanna be bitches","2017-02-22 03:54:44"
834106293896040454,3,2,"need girl scout cookies","2017-02-21 18:23:32"
834059958509514753,4,0,"i thought the song they were just playing was otis by jay z and kanye, i was excited for a split second","2017-02-21 15:19:24"
833995401082630146,0,0,"10 people followed me and 5 people unfollowed me // automatically checked by https://t.co/eLaZKxt6ph","2017-02-21 11:02:53"
833892219736227842,1,0,"*pole sittingüò§ https://t.co/nULapayGgC","2017-02-21 04:12:52"
833891509929963520,4,1,"realest tweet https://t.co/u8xl1gB9k7","2017-02-21 04:10:03"
833890462293454849,0,0,"me too","2017-02-21 04:05:53"
833885577867038720,4,1,"i want to love you, pretty young thing, you need some lovin","2017-02-21 03:46:29"
833868435805372417,0,0,"@LanaDelRey when can i marry you","2017-02-21 02:38:22"
833857056671137792,0,0,"i think i just learned how to dance","2017-02-21 01:53:09"
833577837940588546,1,0,"""oh i just don't have many friends to go out with""

""i'll be your friend""

that's the sweetest thing anyone has said to me in a long time","2017-02-20 07:23:38"
833534566929424384,0,0,"you ain't even know","2017-02-20 04:31:41"
833532321944973313,1,0,"""why are you so mad at the world"" 

how are you not","2017-02-20 04:22:46"
833530327700213760,0,2,"me and my frank ocean ass","2017-02-20 04:14:51"
833189182839332864,1,0,"@Brittany__98 i like your header","2017-02-19 05:39:15"
832849090593566724,2,0,"i had my first hot pocket with you","2017-02-18 07:07:51"
832624023582318592,3,3,"my mom yelling at me to get out of bed https://t.co/6J0W0AlXo2","2017-02-17 16:13:31"
832299813353959424,3,0,"if anyone wants to share some girl scout cookies with me, i'll do your hw","2017-02-16 18:45:13"
832085391339560961,1,0,"what if you wanna be dead https://t.co/RH5hhLxUgI","2017-02-16 04:33:11"
832083047994519552,2,1,"my little brother is a little ball of happiness and he is the only one who can make me happy","2017-02-16 04:23:52"
832070255270850560,1,1,"@NattieBoo97 love youu tooooo","2017-02-16 03:33:02"
832041076672299008,7,2,"man i love red velvet cake","2017-02-16 01:37:05"
831951074600824832,0,0,"great movie https://t.co/LK36GE4DEL","2017-02-15 19:39:27"
831887981665517569,0,0,"just want to go sleep in bed","2017-02-15 15:28:45"
831701882892611585,0,1,"who can give my homie @wild_leo0 some bomb head","2017-02-15 03:09:15"
831593430224629761,0,0,"just want to sleep","2017-02-14 19:58:18"
831581266642345989,0,0,"üò≠üòç https://t.co/MDmAFKQwRH","2017-02-14 19:09:58"
831579401594748929,1,0,"*me https://t.co/b6TREfHqGS","2017-02-14 19:02:33"
831554753142325248,6,0,"y'all hate me huh? https://t.co/l2kNPlBOyh","2017-02-14 17:24:37"
831538960610521088,0,0,"@AimeeGXX me too","2017-02-14 16:21:52"
831520720186404864,13,31,"10 rts and I'll run out the building","2017-02-14 15:09:23"
831261881344131074,1,1,"i was the cutest damn baby ever, what happened","2017-02-13 22:00:51"
830847490673016832,0,0,"some just don't get it","2017-02-12 18:34:12"
830559573769646080,0,0,"sarah snyder saved me https://t.co/Hi9b396eaR","2017-02-11 23:30:08"
830304792681512961,0,0,"this movie got me fucked up man","2017-02-11 06:37:43"
830283349721755648,8,0,"""you're sorta like a hopeless romantic"" 
 yeah sorta romantic but very hopeless","2017-02-11 05:12:31"
830171333728276480,5,0,"yall mind if i overthink everything ?","2017-02-10 21:47:24"
830085336374079490,1,1,"im guilty of it https://t.co/J2ZqI0QTVG","2017-02-10 16:05:41"
830072546741669888,7,2,"in need of a teacher password","2017-02-10 15:14:51"
829911074682068992,1,1,"stg i'll beat tf out of anybody who ever hurts my family, just the thought makes me heated and ready to beat someon‚Ä¶ https://t.co/8eqmEkKXPa","2017-02-10 04:33:13"
829909261727703041,0,0,"want to be at the same state of mind that i was in this time last year","2017-02-10 04:26:01"
829736075820142592,1,0,"new girl https://t.co/IK6tKKoWuv","2017-02-09 16:57:50"
829735596121849857,0,0,"keep to yourself, you're better off alone https://t.co/PPYS4cVrJD","2017-02-09 16:55:56"
829703859656331265,0,0,"hahahaha great","2017-02-09 14:49:49"
829558181571477505,1,0,"but shit you're the only person i would make time","2017-02-09 05:10:57"
829555365155106816,1,1,"it sucks being busy 90% of the week and not being able to see you","2017-02-09 04:59:46"
829549254477807620,4,0,"kiss me thru the phone","2017-02-09 04:35:29"
